[
    { 
        "id" : "1", 		
        "title" : "bami soep", 
        "ingredienten" :["1 mienestje", "1 bosje lente ui", "1 bosje koriander", "1 chillipeper", "misoboillion"],  
        "tekstComplete": " placeholder1 Lorem ipsum dolor sit amet, consectetur adipiscing elit. Quisque eget placerat nisl. Etiam vitae dui nec ipsum tempor vehicula. Donec est enim, finibus vitae lacinia in, lacinia quis velit. Donec vel convallis sapien, at scelerisque mauris. Etiam sit amet hendrerit libero, quis tincidunt dolor. Mauris et egestas neque. Vestibulum pulvinar eros a urna elementum dictum. Nulla tempus, odio in ullamcorper fermentum, quam dui maximus eros, vel pulvinar enim ipsum vitae.", 							
        "image" : "images/recepten/noodle-soup.jpg", 
        "buttonTekst" : "bami soep maken",
        "hoofdIngredient": 61,
        "soort": "Gevogelte",
        "benodigdheden": 186,
        "tijd": 60
    },
    { 
        "id" : "2", 		
        "title" : "lekkere soep", 
        "ingredienten" :["placeholder2","1 mienestje", "1 bosje lente ui", "1 bosje koriander", "1 chillipeper", "misoboillion"],  
        "tekstComplete": " placeholder 2Lorem ipsum dolor sit amet, consectetur adipiscing elit. Quisque eget placerat nisl. Etiam vitae dui nec ipsum tempor vehicula. Donec est enim, finibus vitae lacinia in, lacinia quis velit. Donec vel convallis sapien, at scelerisque mauris. Etiam sit amet hendrerit libero, quis tincidunt dolor. Mauris et egestas neque. Vestibulum pulvinar eros a urna elementum dictum. Nulla tempus, odio in ullamcorper fermentum, quam dui maximus eros, vel pulvinar enim ipsum vitae.", 							
        "image" : "images/recepten/tagliatelle.jpg", 
        "buttonTekst" : "lekkere soep maken",
        "hoofdIngredient": 129,
        "soort": "Vlees",
        "benodigdheden": 103,
        "tijd": 30
    },
    { 
        "id" : "3", 		
        "title" : "vieze soep", 
        "ingredienten" :["placeholder3","1 mienestje", "1 bosje lente ui", "1 bosje koriander", "1 chillipeper", "misoboillion"],  
        "tekstComplete": " placeholder3 Lorem ipsum dolor sit amet, consectetur adipiscing elit. Quisque eget placerat nisl. Etiam vitae dui nec ipsum tempor vehicula. Donec est enim, finibus vitae lacinia in, lacinia quis velit. Donec vel convallis sapien, at scelerisque mauris. Etiam sit amet hendrerit libero, quis tincidunt dolor. Mauris et egestas neque. Vestibulum pulvinar eros a urna elementum dictum. Nulla tempus, odio in ullamcorper fermentum, quam dui maximus eros, vel pulvinar enim ipsum vitae.", 							
        "image" : "images/recepten/thai-chicken.jpg", 
        "buttonTekst" : "vieze soep maken",
        "hoofdIngredient": 131,
        "soort": "Vegetarisch",
        "benodigdheden": 135,
        "tijd": 120

    },
    { 
        "id" : "4", 		
        "title" : "courgette-lasagne", 
        "ingredienten" :[" 250 g verse lasagnebladen "," 500 g ricotta ", " 250 g mozzarella ", " 2 st courgettes ", " 15 g Parmezaanse kaas "],  
        "tekstComplete": " Verwarm de oven voor tot 200°C. Snijd de courgette in lange linten met behulp van een mandoline of dunschiller. Vet de ovenschaal in. Hak de Parmezaanse kaas grof. Maak een pesto alle ingrediënten in een keukenmachine te malen tot een glad mengsel. Breng eventueel verder op smaak met zout en peper. Verdeel een laag lasagnevellen over een ingevette ovenschaal en bestrijk met ricotta met de achterkant van een lepel. Leg er een laag courgettelinten op en bestrijk met een dunne laag pistachepesto. Herhaal tot de ingrediënten bijna op zijn, maar bewaar wat courgettelinten en ricotta. Eindig met stukjes gescheurde mozzarella en daarover een laag pasta. Bestrijk de laatste laag pasta met de rest van de ricotta en leg daar de laatste courgettelinten op. Rasp de Parmezaanse kaas boven de ovenschaal. Bak 20-30 minuten in het midden van de oven goudbruin.     ", 							
        "image" : "images/recepten/courgette-lasagne.jpg", 
        "buttonTekst" : "Lasagne Maken",
        "hoofdIngredient": 131,
        "soort": "Vegetarisch",
        "benodigdheden": 135,
        "tijd": 60

    }
]